{
  "strings": {
    "1": [
      [
        1142,
        399
      ],
      [
        480,
        381
      ]
    ],
    "2": [
      [
        1141,
        410
      ],
      [
        479,
        396
      ]
    ],
    "3": [
      [
        1141,
        421
      ],
      [
        479,
        411
      ]
    ],
    "4": [
      [
        1140,
        433
      ],
      [
        479,
        426
      ]
    ],
    "5": [
      [
        1140,
        444
      ],
      [
        479,
        441
      ]
    ],
    "6": [
      [
        1140,
        456
      ],
      [
        479,
        456
      ]
    ]
  },
  "fret_lines": [
    [
      [
        1142.0,
        399.0
      ],
      [
        1140.0,
        456.0
      ]
    ],
    [
      [
        1074.999437269751,
        397.1782324333165
      ],
      [
        1073.1006465790113,
        456.0
      ]
    ],
    [
      [
        1011.7593271734504,
        395.4587128234473
      ],
      [
        1009.9560653499256,
        456.0
      ]
    ],
    [
      [
        952.0686117223902,
        393.8357024335393
      ],
      [
        950.3555171427491,
        456.0
      ]
    ],
    [
      [
        895.7280787025422,
        392.3037846172897
      ],
      [
        894.1000906682484,
        456.0
      ]
    ],
    [
      [
        842.5496968223129,
        390.85784674139217
      ],
      [
        841.0020386700132,
        456.0
      ]
    ],
    [
      [
        792.3559881755868,
        389.49306312259904
      ],
      [
        790.8841513354424,
        456.0
      ]
    ],
    [
      [
        744.979435925713,
        388.2048789224514
      ],
      [
        743.5791648744657,
        456.0
      ]
    ],
    [
      [
        700.2619252336351,
        386.9889949459297
      ],
      [
        698.9292032921946,
        456.0
      ]
    ],
    [
      [
        658.0542155643138,
        385.8413532932895
      ],
      [
        656.7852514924643,
        456.0
      ]
    ],
    [
      [
        618.2154426103147,
        384.7581238171989
      ],
      [
        617.0066579538036,
        456.0
      ]
    ],
    [
      [
        580.6126481702768,
        383.73569133997734
      ],
      [
        579.4606653180558,
        456.0
      ]
    ],
    [
      [
        545.1203364132748,
        382.77064358827636
      ],
      [
        544.0219673250373,
        456.0
      ]
    ],
    [
      [
        511.62005504815033,
        381.8597598049346
      ],
      [
        510.5722906145429,
        456.0
      ]
    ],
    [
      [
        480.0,
        381.0
      ],
      [
        479.0,
        456.0
      ]
    ],
    [
      [
        450.1546422744699,
        380.188494805046
      ],
      [
        449.1997258964118,
        456.0
      ]
    ],
    [
      [
        421.9843757645459,
        379.4225358969212
      ],
      [
        421.0720126591615,
        456.0
      ]
    ],
    [
      [
        395.3951848244312,
        378.69956695897247
      ],
      [
        394.5229866600439,
        456.0
      ]
    ],
    [
      [
        370.2983305010682,
        378.01717514957585
      ],
      [
        369.46404299275844,
        456.0
      ]
    ],
    [
      [
        346.6100543761313,
        377.37308304950204
      ],
      [
        345.81154976227003,
        456.0
      ]
    ],
    [
      [
        324.25129903009235,
        376.7651410612412
      ],
      [
        323.4865689711345,
        456.0
      ]
    ]
  ]
}